item_name,count
Super G Unisex Joggers,145
Google Crewneck Sweatshirt Navy,119
Google Heathered Pom Beanie,110
Google Camp Mug Ivory,105
Google Zip Hoodie F/C,103
Google Red Speckled Tee,103
(not set),94
Google Land & Sea Cotton Cap,93
Google Camp Mug Gray,84
Google Canteen Bottle Black,77
Google Crew Socks,70
Google Clear Pen 4-Pack,69
Google F/C Longsleeve Ash,66
Google Perk Thermal Tumbler,65
Google Flat Front Bag Grey,64
Google Metallic Notebook Set,62
Google Sunglasses,60
Google Laptop and Cell Phone Stickers,59
Android Iconic Crewneck Sweatshirt,59
Google Badge Heavyweight Pullover Black,57
Google NYC Campus Mug,56
Google Speckled Beanie Navy,55
Google NYC Campus Zip Hoodie,50
Google Land & Sea Mug,50
YouTube Twill Sandwich Cap Black,50
Google Men's Tech Fleece Grey,49
Android SM S/F18 Sticker Sheet,46
Noogler Android Figure,46
Google Crewneck Sweatshirt Grey,45
Google Magnet,45
Google Navy Speckled Tee,44
YouTube Icon Tee Charcoal,44
Google Toddler FC Zip Hoodie,43
Google Pen White,43
Google Glass Bottle,43
Google Leather Strap Hat Blue,43
Google Dino Game Tee,43
Google Men's Tech Fleece Vest Charcoal,42
Google Austin Campus Mug,42
Gift Card - $25.00,41
YouTube Jotter Task Pad,40
Womens Google Striped LS,40
Google Mural Sticker Sheet,39
Google Light Pen Blue,39
Google Crew Combed Cotton Sock,39
Google Black Cork Journal,39
Google Campus Bike,38
Google Woodtop Bottle Black,38
Google Seattle Campus Mug,38
Google Speckled Beanie Grey,37
Google Crew Striped Athletic Sock,36
YouTube Play Mug,36
YouTube Icon Tee Grey,35
Google Chicago Campus Mug,35
Google LA Campus Mug,34
Google Men's Puff Jacket Black,33
Google Light Pen Red,33
Google Land & Sea Journal Set,32
Android Pocket Tee Navy,32
Google Crewneck Sweatshirt Green,32
Google Mural Mug,32
Google Utility Bag Grey,31
Google PNW Campus Mug,31
Google Thermal Tumbler Navy,31
Google Large Tote White,31
Google Campus Bike Tote Navy,31
Google Women's Grid Zip-Up,31
Google Toddler FC Tee Charcoal,31
#IamRemarkable Unisex T-Shirt,29
Google Light Pen Green,28
Google Utility BackPack,28
Keyboard DOT Sticker,28
Google Large Standard Journal Grey,28
Maze Pen,28
Google Youth Hero Tee Grey,28
Google Recycled Pen Black,27
Google Packable Bag Black,27
Google Clear Framed Blue Shades,26
Google Super G Tumbler (Red Lid),26
Google F/C Longsleeve Charcoal,25
Google Incognito Techpack V2,25
Google Soft Modal Scarf,25
Google Emoji Sticker Pack,25
Google Women's Microfleece Jacket Black,25
Google Mural Sticky Note Pad,25
Google Blue Kids Sunglasses,24
Android Buoy Bottle,24
Google Cloud Pen,24
Google Land & Sea Nalgene Water Bottle,24
Google KeepCup,24
Google Mural Socks,24
Google Hemp Tote,24
#IamRemarkable Unisex Hoodie,23
Google Beekeepers Tee Mint,23
Google Pen Bright Blue,23
Google PNW Campus Zip Hoodie,23
Google Women's Puff Jacket Black,23
Google Keychain,23
Google Mouse Pad Navy,23
Google Cotopaxi Shell,23
Google Chrome Dinosaur Collectible,23
Google LA Campus Sticker,23
Google SF Campus Zip Hoodie,23
Google Pen Citron,22
Google Sherpa Zip Hoodie Charcoal,22
Android Large Removable Sticker Sheet,22
Google Blue Stojo Cup,21
Google NYC Campus Sticker,21
Google Emoji Magnet Set,21
Google Seaport Tote,21
Google Infant Hero Tee Olive,21
Google Land & Sea French Terry Sweatshirt,21
YouTube Leather Strap Hat Black,20
Google Men's Softshell Moss,20
Google 24oz Ring Bottle Blue,20
Google Campus Bike Bottle,20
Google Bot,20
Google Land & Sea Tote Bag,20
Google Cambridge Campus Mug,20
Google Premium Sunglasses,20
#IamRemarkable Journal,20
Google Youth Badge Tee Olive,19
Android Iconic Mug Gray,19
Google Felt Refillable Journal,19
YouTube Crew Socks,19
Daddy Works at Google Book,19
Google Heather Green Speckled Tee,19
Google Recycled Writing Set,19
Google Toddler Tee White,19
Google Clear Framed Yellow Shades,19
Google Decal,18
Google Bot (Multicolored),18
Unisex Google Pocket Tee Grey,18
Android Pocket Toddler Tee Navy,18
Android Iconic Hat Black,17
Google Sunnyvale Campus Mug,17
Android Iconic Beanie,17
Google LA Campus Unisex Tee,17
Android Lumberjack Pin,17
Google Pride Sticker,17
Google Toddler Hero Tee Black,17
Google Pen Grass Green,16
Google NYC Campus Bottle,16
Google Red YoYo,16
Google Pen Lilac,16
Google Sustainable Pencil Pouch,16
Google See-No Hear-No Set,16
Google Pen Grey,16
Google Seattle Campus Sticker,16
Google 24 oz Ring Bottle Red,16
Android Techie 3D Framed Art,16
Google Pen Red,16
Google Boulder Campus Sticker,15
Google Clear Framed Gray Shades,15
Google Mesh Bag Blue,15
Google NYC Campus Ladies Tee,15
Google Lapel Pin,15
Google Blue YoYo,15
Google Austin Campus Zip Hoodie,15
Android Pocket Tee Green,15
Google LoveHandle Black,15
YouTube Iconic Play Pin,14
Google Unisex Eco Tee Black,14
Google Boulder Campus Mug,14
Google Cambridge Campus Zip Hoodie,14
Google SF Campus Tote,14
Google Red Kids Sunglasses,14
Google Infant Hero Onesie Grey,14
Google Tee Yellow,14
Android Super Hero 3D Framed Art,14
Google Pen Neon Coral,14
Google LA Campus Zip Hoodie,14
Google Cork Journal,14
Google ApPeel Journal Red,13
Google Campus Bike Eco Tee Navy,13
Google Maps Pin,13
Google Confetti Task Pad,13
Google Campus Bike Grid Task Pad,13
Google Confetti Pen White,13
Google SF Campus Bottle,13
Android Pocket Onesie Navy,13
Google Sunnyvale Campus Zip Hoodie,13
Google Cork Base Tumbler,13
Google Black Cloud Zip Hoodie,13
Google Cork Card Holder,12
Google Tudes Recycled Tee,12
Google Mountain View Campus Ladies Tee,12
Mommy Works at Google Book,12
Google Youth FC Tee Charcoal,12
Google Youth Badge Tee Navy,12
Google Youth Hero Tee Maroon,12
Google Campus Bike Mini Backpack,12
Google Land & Sea Tech Taco,12
Stan and Friends Youth Tee Green,12
Google Aluminum Bottle Red,12
Google Bear Baby Blanket Beige,11
Google Boulder Campus Unisex Tee,11
Google Toddler Hero Tee Olive,11
Google Beekeepers Toddler Tee Pink,11
Google Beekeepers Onesie Pink,11
Google Mural Notebook,11
#IamRemarkable Lapel Pin,11
Google Utensil Set,11
White Google Shoreline Bottle,11
#IamRemarkable Water Bottle,11
Google Raincoat Navy,11
Google Chicago Campus Zip Hoodie,11
Flamingo and Friends Tee Blue,11
Google Incognito Laptop Organizer,11
Google Kirkland Campus Unisex Tee,11
Google Youth FC Longsleeve Charcoal,10
Android Iconic Socks,10
Google Austin Campus Tote,10
Google Sherpa Vest Black,10
Google Incognito Dopp Kit V2,10
Google Incognito Zip Pack,10
Google Yellow YoYo,10
YouTube Transmission Journal Red,10
Google Cup Cap Tumbler Grey,10
Snowflake Android Cardboard Sculpture,10
Google Sunnyvale Campus Ladies Tee,10
Android Iconic Hat White,10
Google Small Cable Organizer Blue,10
Google PNW Campus Unisex Tee,10
Google NYC Campus Lapel Pin,10
#IamRemarkable Ladies T-Shirt,9
Google Women's Softshell Moss,9
Google Chicago Campus Bottle,9
Google Cambridge Campus Unisex Tee,9
Stan and Friends Toddler Tee Green,9
Google SF Campus Ladies Tee,9
Google Tee Green,9
Google SF Campus Lapel Pin,9
Google 16 oz Tumbler Blue,9
Android Iconic Pen,9
Google Kirkland Campus Mug,9
Google Sherpa Zip Hoodie Navy,9
Google Felt Luggage Tag,9
Google Cambridge Campus Sticker,9
Google Tee Red,9
Google Cork Key Ring,8
Google Split Seam Tee Olive,8
Google Chicago Campus Unisex Tee,8
Supernatural Paper Tote,8
Google Felt Strap Keyring,8
Stainless Straight Straw/Cleaner,8
Google Confetti Slim Task Pad,8
Google Summer19 Crew Grey,8
Google Confetti Accessory Pouch,8
Google Cork Passport Holder,7
Supernatural Paper Lunch Sack,7
Android Iconic Hat Green,7
Google Campus Bike Carry Pouch,7
Android Pocket Youth Tee Navy,7
Google Mountain View Campus Zip Hoodie,7
Android Garden Tee Orange,7
Google Incognito Messenger Bag,7
Google Boulder Campus Ladies Tee,7
Google Cork Pencil Pouch,7
Google LA Campus Ladies Tee,7
Android Iconic Backpack,6
Google Large Pet Leash (Blue/Green),6
Android Iconic 4&quot; Decal,6
Google Austin Campus Unisex Tee,6
Android Iconic Pin,6
Android Iconic Sticker Sheet,6
Youth Jumbo Print Tee White,6
Google LA Campus Tote,6
Mural Food Container,6
Google Chicago Campus Ladies Tee,6
Android Iconic Glass Bottle Green,6
Google Bellevue Campus Sticker,6
Google Boulder Campus Zip Hoodie,6
Google Tee Blue,6
Google LA Campus Lapel Pin,6
Google Large Pet Collar (Blue/Green),6
Android Iconic Notebook,6
Google PNW Campus Bottle,6
Google Austin Campus Bottle,6
Android Pocket Youth Tee Green,6
Google Totepak,5
Stan and Friends Tee Green,5
Google Kirkland Campus Sticker,5
Google Beekeepers Youth Tee Pink,5
Google Seattle Campus Lapel Pin,5
Stan and Friends Onesie Green,5
Google Mini Kick Ball,5
Google Sunnyvale Campus Bottle,5
Google Austin Campus Ladies Tee,5
Google Mesh Bag Red,5
Google Austin Campus Lapel Pin,5
Google PNW Campus Tote,5
YouTube Standards Zip Hoodie Black,5
Supernatural Paper Backpack,5
Google PNW Campus Lapel Pin,5
Google Small White Gift Bag 5/PK,5
Google LA Campus Bottle,5
Google SF Campus Unisex Tee,5
YouTube 25 oz Gear Cap Bottle Black,4
Google Laptop Sleeve Charcoal,4
Android Geek Pin,4
Gift Card - $50.00,4
Google Recycled Pen Green,4
Google Cloth & Pouch Black,4
Google Chicago Campus Tote,4
Google Recycled Notebook Set Natural,4
Google Women's Pride Eco-Tee Black,4
Google Boulder Campus Lapel Pin,4
Google Tee Mint Green,4
Google Tee Grey,4
Google Tonal Tee Coral,4
Google Kirkland Campus Ladies Tee,3
#IamRemarkable Tote,3
Android Hipster Pin,3
Google Boulder Campus Tote,3
Android Small Trace Journal Black,3
Google Sunnyvale Campus Unisex Tee,3
Google Medium Pet Collar (Blue/Green),3
Google Medium Pet Leash (Blue/Green),3
Google Mens Microfleece Jacket Black,3
Google Women's Black Tee,3
Google Sunnyvale Campus Sticker,3
Android Large Trace Journal Black,3
Google Cambridge Campus Tote,3
Google Chicago Campus Lapel Pin,3
Google Super G Tumbler (Blue Lid),2
Google Large White Gift Bag 5/PK,2
Google Women's Kirkland Pullover,2
Google PNW Campus Ladies Tee,2
Google Large Pet Collar (Red/Yellow),2
#IamRemarkable Pen,2
Google Large Pet Leash (Red/Yellow),2
Google Cork Tablet Case,2
YouTube Women's Favorite Tee White,2
Google Women's Tech Fleece Grey,2
Google Women's Discovery Lt. Rain Shell,2
Google Seattle Campus Ladies Tee,2
Google Medium Pet Collar (Red/Yellow),2
Google Cambridge Campus Ladies Tee,1
BLM Unisex Pullover Hoodie,1
Google Bottle Cleaner,1
Google Kirkland Campus Lapel Pin,1
Stainless Bent Straw/Cleaner,1
Google Tech Taco,1
Google Mountain View Campus Unisex Tee,1
Google Boulder Campus Bottle,1
Google Tee F/C Black,1
Google Phone Stand Bamboo,1
Google Incognito Flap Pack,1
Google Seattle Campus Unisex Tee,1
Google Mural Tote,1
Google Campus Bike Corkbase Mug Blue,1
Google Cambridge Campus Bottle,1
Google Sunnyvale Campus Tote,1
Unisex Google Jumbo Print Tee White,1
Google Youth F/C Pullover Hoodie,1
Google Cambridge Campus Lapel Pin,1
Google NYC Campus Unisex Tee,1
